nombre,productos,precio,descripcion,imagen
☕🌙 Kit Café Luno,"""ter-tin
"",""HM-028
"",""ACC 003
""",30,"Sabor, calidez y estilo para comenzar el día.
El Kit Café Luno es la combinación perfecta para quienes disfrutan del ritual del café con calma y calidad. Ideal como obsequio para colaboradores, clientes o amantes del café, este set ofrece una experiencia práctica y elegante desde la preparación hasta el último sorbo.
Incluye:
Prensa Francesa
Termo Luno","""ChatGPT Image 9 may 2025, 09_32_07 a.m..png (https://v5.airtableusercontent.com/v3/u/42/42/1749852000000/CTnERmKGhbovzUOHX7Vf7A/rbY5P7aZM2OvuTVWmY9lxCA16V7afMcJdX6XUUeHSC66KWvVyLIWQKDsvw98n1hJfIodvC2UX1-qSUMmu319aaADznVxlIRMroejtbu3XwvsPhoOPoT9qtm3U5cIQAvOsO_dK6ig03vUp8QdWLebT-NEz-RV1ByW1ROTDJ_l4dnZOGOxRDQ8shsNsYMhNuhp/zFpUvax5inHHM4LRN8bd6w7botEAzcoualZCjgegLfE)"""
🍷👜 Kit Reserva,"Vinos-esp,PORVIN,ACC 003",30,"Un detalle con carácter, para brindar con intención.
El Kit Reserva es la expresión perfecta de sofisticación y buen gusto. Diseñado para celebraciones especiales, obsequios ejecutivos o momentos memorables, este set reúne calidad, elegancia y un toque artesanal en una presentación que habla por sí sola.
Incluye:
Vino “Especial”
Porta Botella de Cuero","""ChatGPT Image 28 abr 2025, 09_51_02 a.m..png (https://v5.airtableusercontent.com/v3/u/42/42/1749852000000/4xd1GXjdGpSw4QcSH_J4Jg/cArAccLE1FrxvrxAecQdqAol3YpMWxlkp_PbC7Z4SXaXiV1bV5MA4K5ueLIS9RLoP9jxzqh6Na8kcNh_Mh1AQG3cFdPDaqRoGipA5N63wh06izvkQqlo-sSJj82b58CqXEo0PC9scXX_TgLEbbZLIHONKLhmOqGCIWI_3KpYJndCTRGm6Qg3dl--wAzmWeWC/7vt_gCOGVS8rOanwlAdnriwA5xNIi3A-C0jzp7UykOQ)"""
🖥️🎵 Kit Executive Desk,"ORGCUE,DESK PAD CUERO,SO 135,""ACC 003
""",100,"Orden, estilo y tecnología para transformar tu espacio de trabajo.
El Kit Executive Desk está diseñado para quienes buscan funcionalidad, elegancia y un ambiente dinámico en su espacio de trabajo. Perfecto para oficinas modernas, home office o como obsequio institucional de alto impacto, este set combina estética premium con conectividad y organización.
Incluye:
Organizador de Cuero
Desk Pad de Cuero
Bocina Bluetooth Portátil con Soporte para Celular","""ChatGPT Image 28 abr 2025, 10_04_21 a.m..png (https://v5.airtableusercontent.com/v3/u/42/42/1749852000000/XAcom_HGNVcDE-xS8W1m8w/hcyW4XBMDpmhy9IhqsMYBGQfDxn7zHiRxwEN9z67hVodaDnWgudokUQmUNQQhFynGgJgW8X253mR1cF6cCPpzuo89zr0tX-mnCv0qtZu6pQYVDW4cXZNf3TcgkdBFa5e3z99V3riu1gAD-93YsseSailGI2WIE9rHMkR-fmW3x0RyQDxHlGGTG06AhWXInBu/cxO52KjMqqBhV8fRSChuKLwBCnCmIcIaMwEutzqyzzs)"""
🧳🧼 Kit Leather Journey,"PORT-LENT,Nec-tra,""Porta-doc
"",PORTA-LAP,""ACC 003
""",100,"Estilo, protección y distinción para cada trayecto.
El Kit Leather Journey está diseñado para quienes valoran la calidad en cada detalle y buscan viajar con organización, elegancia y funcionalidad. Confeccionado en cuero de alta calidad, este set es el compañero ideal para ejecutivos, socios estratégicos o amantes del diseño clásico y duradero.
Incluye:
Porta Lentes de Cuero
Neceser de Cuero
Porta Pasaporte de Cuero
Porta Laptop de Cuero","""ChatGPT Image 28 abr 2025, 10_10_36 a.m..png (https://v5.airtableusercontent.com/v3/u/42/42/1749852000000/tnah5eVFOR4YLzEYh-zcGA/EsTRh1qjMa_yogdlgREXpYDN-LPyzyTPLyK7V4D70iIjOV-pR7M0gLxp64M9iHuhK1SnDD_5CEHKUo0sWCDcU7EvVWmvv4mNlu3_qMH0ILOkcmsFeGL0ksxe_fmW9Llb3opaltCStEBA0RaGzfsZt8NnEdwZ_vU1nSn9z95c8-D5lLLlcsq8OagLucCj6I-T/i6GnQ2qiPQOR-stVar_DOl_WvnjL_D71SOb0lJbdgrw)"""
⛳🍷 Kit Golf & Cheers,"""GLF 012
"",""A2963
"",""A3014
"",SIN 210",30,"Pasión por el golf, gusto por los buenos momentos.
El Kit Golf & Cheers está diseñado para quienes combinan su afición por el deporte con el disfrute de experiencias refinadas. Perfecto como regalo ejecutivo, obsequio en torneos o detalle premium, este set reúne funcionalidad en el campo y estilo en cada brindis.
Incluye:
Set de Golf Compacto
Termo Golf
Set de Herramientas para Vino con Diseño de Accesorios de Golf
Bolsa Cotton Slim","""ChatGPT Image 28 abr 2025, 10_17_31 a.m..png (https://v5.airtableusercontent.com/v3/u/42/42/1749852000000/6oOikENA8dc38pp25qCQ6g/6QqmzVRbemsn-ZhWVQXivM0QtyKLYl27MT46oHw5-SVcODi__yKKRZ0tlBDE-eMQobh4yeQnM2iuzcIto8cXvikDxPWBRMbZ_s1ACFVoDsq0Xwx4eLIgPdVDQG0iD_joCuFBlSuRDXjb3rNEV_Jewg8Lq01hR9GNTKNBib9Ye8TvlgfJJxclT_BsVu6CyE9I/DJynCSMlsFP6y5XmQqU0AQQD3A0lBrImfOIqpRLDKPM)"""
🖊️☕ Kit Notas & Calor,"""RQ 1007
"",""TMPS 196 
"",""lib-skd 
"",""ACC 003
""",30,"Escritura precisa y momentos que reconfortan.
El Kit Notas & Calor es una combinación sutil de practicidad y estilo. Perfecto para profesionales, clientes o eventos ejecutivos, este set ofrece herramientas que acompañan la productividad diaria con un toque de distinción.
Incluye:
Bolígrafo BlackNote
Termo Late","""ChatGPT Image 28 abr 2025, 10_24_56 a.m..png (https://v5.airtableusercontent.com/v3/u/42/42/1749852000000/Pqhul7IJKmHshVGlDHIMYQ/eohU8jWNIFnovucVWNvpYK9gMwY2A4wLKleQlfWTvJgkevV5Z_otTnp5wXh9jbWJmN-txSqd6fhi6x1c7-I26yUx_KhyNmdSGNvywnjNBQN_TeynJn1z1BVZSJW63Pp676r2i9c7WPj82epnzpCjsCtFOTPNOrqyrJhcDs8EQTZSpa73YIuUzUsKOQxocOi-/4Aj4LPu7HgfW5JX2O4M8sYzEtsWUEU_85OEG7neY4Bk)"""
🍸🖤 Kit Noir & Tonic,"""BAR 016
"",GIN. HENDRICKS .750 ML.,SIN 210",30,"Estilo, sabor y carácter en cada preparación.
El Kit Noir & Tonic está pensado para quienes aprecian el arte de la mixología y disfrutan crear momentos memorables con un toque de distinción. Perfecto como regalo gourmet, obsequio corporativo premium o detalle especial para celebraciones, este set reúne lo esencial para disfrutar del gin como se debe: con elegancia y personalidad.
Incluye:
Set de Mixología Noir
Botella de Gin Hendrick’s 750 ml
Bolsa Cotton Slim","""ChatGPT Image 28 abr 2025, 10_30_00 a.m..png (https://v5.airtableusercontent.com/v3/u/42/42/1749852000000/W4hvbOze_bOQwlUHbdcV4Q/oJVN4KSdsFl1HZ_HTNeO1yPdMvdKz7ZRDHqzKWQfi4MiE_5pj2r9FCVISRitGifunQXjfMgp2jm90Lum55mJv-AvGvJJ_dKMbDOgjm6q3Q-wSWF0_UTiMf2r3-nEd5JO948ReArlUO1HAEUki-UKSwrOX6CD7xgVCzYuvV9wwce2IfylFZ03U7m1DFoAgwhG/ghS9YtGGRN-pSHTwOQL2aTfjTfqvXZLdVIPX8euR_0I)"""
⌚☕ Kit Eleganza,"ORGRELO,""ter-tin
"",""ACC 003
""",30,"Estilo y sofisticación en cada detalle.
El Kit Eleganza es la elección perfecta para quienes valoran la organización, el diseño refinado y los momentos bien cuidados. Ideal para ejecutivos, amantes de los accesorios o como regalo institucional de alto nivel, este set combina utilidad y distinción en un formato compacto pero memorable.
Incluye:
Estuche Organizador de Relojes
Termo Luno","""ChatGPT Image 28 abr 2025, 10_40_27 a.m..png (https://v5.airtableusercontent.com/v3/u/42/42/1749852000000/VGieucwF1kSSWn_KcSyjWg/_yTkd45C_AbmojNKOhfUBiC2QdeabpurzuLlPe_AQeVB3t-k5SAN98ljGSax446jIwyOIqPfJPyqaB3L1_bzamuKZW6N0ljjN5zPaxQ6_SRNg58i3FTNYU-lOgQTPtOnC9B4Dl9sKSdGVsdPFNhEr74IALpoYI6H_L1dOlkD5P-Gy38GSmj-KGAEf-0rRH33/eQQeyzmyapDmb4zkRrbv9nUHv67sfGrvD12xNV3xx_4)"""
🧊🍻 Kit Chill Out,"SIN 508,BAR 034,""TMPS 196 
""",30,"Todo lo que necesitas para disfrutar sin complicaciones.
El Kit Chill Out está pensado para momentos de relajación y convivencia. Ideal para fines de semana, reuniones entre amigos o escapadas, este set ofrece practicidad, diseño y funcionalidad para mantener el ambiente siempre fresco.
Incluye:
Hielera Dovia
Destapador Titán
Termo Late","""ChatGPT Image 28 abr 2025, 10_50_18 a.m..png (https://v5.airtableusercontent.com/v3/u/42/42/1749852000000/zLXwJk0sCg_HHSiftDRaZQ/n9-gMC5bhJxIID0MDB3Ds2cKelfu_gHC3QW3DKxa3RYqK61OJFP4iN6TgppopdWxAzyMhvKVgeR_vAhUGZIC1DqL4ELcx4MgA1fogZN8uTVaSnOQqAqoKyLTqIttrRyxDN5V1pzFIJcHDcXYUg86IxQHrBJVM-UUwzC7RpSRfOXCiBWZMppFOi65FDWfstB7/zKE37q5smkmO4gbGVfQ8nsV8zJbw4tYW58c6MM8eUAA)"""
🔥🍖 Kit Grill Master,"""MANDIL-PARRILLERO
"",HM-036,BBQ 025,SIN 210",100,"Todo lo que necesita un experto para encender el sabor.
El Kit Grill Master fue diseñado para quienes disfrutan del arte de asar con pasión y estilo. Ya sea para una carne asada de fin de semana, un evento al aire libre o una experiencia culinaria especial, este set reúne los elementos esenciales para convertirse en el rey o reina de la parrilla.
Incluye:
Mandil Parrillero Profesional
Set de BBQ Leeds
Iniciador de Carbón Tyra
Bolsa Cotton Slim","""ChatGPT Image 28 abr 2025, 11_23_12 a.m..png (https://v5.airtableusercontent.com/v3/u/42/42/1749852000000/NOTp12rdjcsECf8wzCpDog/z1uCKNEnHpJpv-HmMDN_APZSC3bNGhZtfu5Ud0zAusnr27XmB06Sjk8nSFL66L8IN0TwlF_dn95Kw7K86zjWP8CzDeJw_Xx0gy8KbNjGvFG6WGkjcxY05qPVckNYWcCMufal7KB_bl3nKuQ9w-YJySy9oMFV1mds3RXygo1BqRYpIl-zbwfZmLMH4HxM3GH_/8sYpV7O7ICWxFNWqPMzo9MpiSBpPNebfH7Wp4LaPVD0)"""
🖊️📓 Kit Esencia de Ideas,HL 9043,30,"Un detalle práctico para escribir, planear y comenzar con propósito.
El Kit Esencia de Ideas es perfecto para quienes valoran la organización, la escritura a mano y los detalles útiles en su día a día. Ideal para empresas, capacitaciones, ferias o como obsequio institucional, este set combina funcionalidad y presentación cuidada.
Incluye:
Libreta con 80 Hojas Rayadas
Bolígrafo a Juego","""ChatGPT Image 9 may 2025, 09_34_49 a.m..png (https://v5.airtableusercontent.com/v3/u/42/42/1749852000000/wzjHjv6XkxnEPPnJas7WWw/jkalw-JexUUT9Y0R5Hl5Ls4eDFrTVPU6xoCNdGndILEA1H_-one0P0rvlQEQ0I37yl6hkkoJOI_JnoMHJGMgdFYrHrMUy-lAWuolB9RxL91VC5YZUfKirnan9tBbGdOvV_2EED-oNQlW3Z2ThEftNEVi3YUUnlQjv6aIjAgEeaE2Idyti9zEXXwdaHHbFDbn/yi3fEKga_x2_aQC4EpTz3wT1I9xZElFpW1fu28Bae6M)"""
🖋️🗝️ Kit Signature,ST-021,30,"Detalles que hablan por ti.
El Kit Signature combina tres elementos esenciales en un diseño refinado, ideal para causar una excelente primera impresión o agradecer con estilo. Fabricado en materiales duraderos y con acabados elegantes, este set transmite profesionalismo y atención al detalle.
Incluye:
Bolígrafo Metálico con Tinta Negra
Llavero de Curpiel y Metal
Porta Tarjetas de Curpiel y Metal",image component recomendado-ocaciones-8-800x80021.png (https://v5.airtableusercontent.com/v3/u/42/42/1749852000000/q4aUwu1MW9Cldke2VXP0mw/ZF0kXznIzBzCIuzaf6-qhD27Or5_tzPbhp1oxsyNNnXkoJZETVmu22WAahih_RX9K07HhlNTjGURqC-GXvjd7ZR_Birnt7lvs6dnkyHAVrSlo8KfY84_fnfmPust_6dmnC2dnUD5pQnbhKvXyjWY24OFfl8S_eFwFqB794lkp1eYo3nk-8MtmmY5E-H508zpqRQPP1TzhM4munCZ8esvjA/WNnE0sugy_rHUzEpQK3Z1bwHry8f_UxGQ5jCj3rn5-E)
🥃✨ Kit Heritage,SET 017,30,"Estilo clásico para brindar con distinción.
El Kit Heritage está diseñado para quienes aprecian los momentos especiales con un toque de sofisticación. Perfecto como regalo ejecutivo, detalle de agradecimiento o presente exclusivo, este set de bar combina funcionalidad, elegancia y una presentación impecable.
Incluye:
Licorera con Funda de Curpiel y Tapa Rosca
Vaso de Cristal
Set de 4 Cubos Enfriadores 
Pinzas para Hielo
2 Mini Vasos Metálicos
",image component recomendado-ocaciones-8-800x80022.png (https://v5.airtableusercontent.com/v3/u/42/42/1749852000000/EeCPzJI87drxVWEZ11e5KQ/rCzdheLpLsF8yXj1vlk2bO2AMwpBVoiO3KIwxSk85UHQ2V2Azn1bHqptJdBuZl7c_UnRJjlwB4r2qs1tFF5Pft85solodIw7s5ow2bKvm2Mw3NiPy6k1UjdndyX2wlG-N3PmbXRJSNIzc9VRHv-OyECdtVplJWxyUa-IKmK6p6F1LtGd5rJPsiYb1PYZ8gNr26UuRIOZJsV9IbhniuxPgQ/fmm2CArOR2AnrVj-FetYVLBXXixBO79eFk4Kqmt8weU)
🌈☕ Kit Color Pop,"TAZ 067,""ACC 003
""",30,"Energía, color y funcionalidad en cada sorbo.
El Kit Color Pop está pensado para quienes disfrutan los pequeños placeres con estilo. Su diseño vibrante y versátil lo convierte en el regalo perfecto para dar un toque de alegría al día a día, ya sea en casa, la oficina o en movimiento.
Incluye:
Taza de Cerámica con Tapa Multifunción",bbd4641a-b8b7-4fd0-b3e4-91d53619a328.png (https://v5.airtableusercontent.com/v3/u/42/42/1749852000000/lgiogvPyKfLj-ECGZgmnDQ/idCqdHam-PBWtPQoYGRCv9914kPqPnI4WhWgGIkCWckuQUbyLHZLm1CNlHRCdmRaM_bitV9AwKH3mi_gdjZctY9EVeM2ebRdwvmiAy8mOYRYaF4xUS04dltLeBLCHphAWWKx0s618dNdTljXFlndu9WVHCm5raRt7aMAaSs-QnxbMytRbHLWbARnm4kNjzkc/RijW8elRTppPbYkSGGKU5xUFuHmoov1mB41NIxvnPws)
💄🖊️ Kit Esenciales Elegantes,"BL-080,""DAM 045
"",DAM 032,""ACC 003
""",30,"Pequeños esenciales que hacen una gran diferencia.
El Kit esenciales elegantes es una combinación práctica y elegante de herramientas esenciales para el día a día. Compacto, funcional y con un toque femenino, es ideal para llevar en la bolsa, en el auto o como un detalle útil y con estilo en eventos especiales o programas de fidelización.
Incluye:
Bolígrafo Mini Llavero West
Cosmetiquera Kewa
Esponja de Látex con Estuche",164e937a-c8ae-40d6-b22b-d597150edb56.png (https://v5.airtableusercontent.com/v3/u/42/42/1749852000000/CXUEme8tR2b2uYD2NRsZLw/TqNcb68SJLzDUUIHe38w9wgabZ8sXKc7-mFb2sgbdhECQBvXtys_Y0xHrlhYdqzpeRTREs8dYoSFva0X3zK7T1CsUU737ax41TCJHiCOmu1TLdACPwYgPwL2tJK0zmf00M-oqowz72PSeMhBHKfX7O696tTUykIInhWTF7z5GzC9Q2EKc4uoWljYbT7pSNon/I5Y8eJj8Un7TtCQ9tq9e8YRah2WUkZ8u9rnpxDGN8L8)
☕✨ Kit Ritual Café,"TE-132,""TMPS 170
"",""ACC 003
""",30,"Diseñado para disfrutar cada momento con calma y sabor.
El Kit Ritual Café celebra el placer de una pausa bien merecida. Ideal para los amantes del café y los detalles funcionales con estilo, este set invita a comenzar el día con intención o cerrar la jornada con tranquilidad, en casa o en la oficina.
Incluye:
Taza de Cerámica Brillante (650 ml)
Prensa Francesa Cocker",346712c6-b734-42b8-a2cd-1b85a3d486c2.png (https://v5.airtableusercontent.com/v3/u/42/42/1749852000000/8YxiY2uZNlGBCM9jXTHc8A/Ya0U8K8c1kzoPiAgCOSAQI18YYu5GzgByw_invz6hcfIyRmZKSJGwRpcr9TTfKroys9nxGE96vpWKVkQzrDsVEZmr6ePdkP9yXkuWt3sQ__Eyi0fLcVeE1XSBw2fpiyNAvyCjPjqonOFMxMEXNCkFx5f_Kd1h6A8Zeai1sCqs9wW4VG8WotrfKVHTNYQ6aY_/TYex9bgTsHSexI_y4rIiXKO68gfkNCaeWIa_XmX0COY)
💄👜 Kit Belleza Compacta,"DAM 039,""DAM 063
"",""ACC 003
""",30,"✨ Kit Belleza Compacta
Diseñado para acompañarte con estilo y confianza, donde sea que vayas.
El Kit Belleza Compacta está diseñado para mujeres prácticas que buscan organización, estilo y funcionalidad en cada detalle. Ideal para viajes, oficina o el día a día, este set ofrece una solución elegante y eficiente para el cuidado personal y el maquillaje exprés.
Incluye:
Cosmetiquera con Cierre y Forro Interno
Set de Brochas 4 en 1 Retráctil
",image component recomendado-ocaciones-8-800x80017.png (https://v5.airtableusercontent.com/v3/u/42/42/1749852000000/87ChwbIyMAsGGD27VE7RSw/Q1s0sKCyuv8X_nSaC2gUYg3ByILwTE9w2yA3oMQtAfaFoNnHC1HodFkA9SqR7wm_0Z5kTCYkM5zflW_sDoEvCwyKVcCA8s1WJA3GI5QHed2z7d4h8BnWYPCqs8jf984JcBall6VlfPGYxJMHFJQ1Exe_8IHcj3kQtep4DTCJCmRm1P7qnhBYiRhXMPxsDA16b4znkY0xvwn9dSoJff8LrQ/6VOStncvuVKMROCBIw73Dl_HKq4krFVQDwzcAocjAcg)
✒️📔 Kit Nexus,"O 111,""TMPS 186
"",BL-166,""ACC 003
""",30,"Ideas que fluyen, estilo que acompaña.
El Kit Nexus reúne lo esencial para la inspiración y la productividad diaria, con un diseño sobrio, funcional y elegante. Perfecto para profesionales, colaboradores o estudiantes que valoran la calidad en cada detalle.
Incluye:
Libreta de Poliuretano con 120 Hojas Rayadas
Termo Mocha
Bolígrafo Celleno
",image component recomendado-ocaciones-8-800x80020.png (https://v5.airtableusercontent.com/v3/u/42/42/1749852000000/ZHQXWkvVoXu0lpdXqaj1_g/FHjwfnKfAXJqbt1fsQ4232scpVy3mRQPvYW78NEpYEJhqUgMExCl113lfpN6HHJm4MPnA1ZySsfS2Zv8ZBaBIr6u5zTWTSGL3nlQ3BYo0zHEo2OEVZ1tJto_6K1jyPrjdzNrLvWs8Pd_NtKjaYM0nqxajJmBqvzDPtHGu-oK1DbyDa4njhkvKDZRHwauptvgeFAOFJ8XWj4c9q_KGDY4AA/fUqNfvFSw9wBCTf0pU2n4m3-lIjAxbb1t4Tt9le62ik)
🎽🎒 Kit ActivePro,"SPO 002,SPO 003,BL 224",30,"Diseñado para el movimiento. Listo para cualquier reto.
El Kit ActivePro es la combinación perfecta para personas que viven activamente, ya sea entrenando, viajando o simplemente organizando su día con energía. Su diseño práctico y resistente lo convierte en un aliado ideal para el deporte, el gimnasio o escapadas de fin de semana.
Incluye:
Toalla Deportiva Luga
Brazalete Deportivo Armes
Maleta Convertible en Mochila
","""ChatGPT Image 8 may 2025, 01_59_10 p.m..png (https://v5.airtableusercontent.com/v3/u/42/42/1749852000000/Q2r5dhCl4x1j5rK16bcohg/GL6t6APz96DScdjAS5eHlPd46El6Kl-qGm9acRW-4eyUxHaOuR2DHCrTEv2eu7RufCNNNckZfeviKNDxCvcHNzk3GTc_wVQqHb03YMxcBpJuSrxVNNeJsfJbsc-tdtkXQi3i1LwFxCMYY8tcvA5pstqcSxeOwFh954CIXPlaa8LbjbLu3VTuyV_8kP2YmNN_/_aZX8VrJXrHQc6YLQPSq0ji3SC0NNPfD0TPBbvNWRE8)"""
🎒🥤 Kit TrailFlex,"TE-218,BL 214",30,"Resistencia, capacidad y movimiento sin límites.
El Kit TrailFlex fue creado para acompañar a personas dinámicas, activas y prácticas, que necesitan soluciones eficientes para moverse con libertad. Ideal para colaboradores en campo, viajes, actividades al aire libre o rutinas urbanas exigentes.
Incluye:
Vaso de Plástico con Popote y Agarradera (1,200 ml)
Mochila Extensible Enrollable Tipo Carry On","""ChatGPT Image 3 abr 2025, 10_56_47 a.m. 1.png (https://v5.airtableusercontent.com/v3/u/42/42/1749852000000/_nHL5NlbO74tAKaVaHRL_g/LTsDjh85ZmsHeyr5Jwl9k99pI4A9pxPvg-f27JcSxJUY1HfYO8yFEQe44mPdzQ1BurNDAz3yYsk1eMDKtPx5HOA_QdsUyiWSOCPXgfQWN8RjqJBB0kPKtH9iC62a6g-qzTY4xE0ecaKO_eLw_3AMyXRWxaG7RcS6X7gh-4Z73NB6KEF6oZXQY7pFfXRYySz7/VRDGeIQ4ftjcLJnlt8_XdLMv7JuJWO-aIUD56NHHn70)"""
💧🎒 Kit GoPro+ ,"TE-184,SIN 512",30,"🚶‍♂️ Kit GoPro+
Movilidad, hidratación y estilo para quienes no se detienen.
El Kit GoPro+ está diseñado para acompañar a personas activas, en movimiento constante, que necesitan practicidad y resistencia sin perder estilo. Perfecto para jornadas largas, actividades al aire libre o rutinas diarias con enfoque saludable y funcional.
Incluye:
Botella Jumbo 1.4L con Correa y Botón de Seguridad
Mochila Peter Casual Deportiva
",image component recomendado-ocaciones-8-800x80028.png (https://v5.airtableusercontent.com/v3/u/42/42/1749852000000/IWuZ_r_MMfR7op-mp6EVcw/LARW0vwYHJrPaOJfzPcP5_gWhifsyDVs2CPkbfhuyBaQ8bgvdJjGcA8uGeMkiU6qhNeJ7Xbk8JUZYlAKqmbgoezUxUXnea4Wmx944R3LQLBtCNaYdyY5TlxXQUPmSUez6mzzl2JDY6QyClwE2S_bpSdSfLzcMBd7l2dDZKpLt4Q7mvCJL_PqY3btrlVunektkZPMHsjDsDBRvvAyflkT_A/6idnDOFzoL57dgv5-LnMbleEI3KqT0E3Sz_Tijpgsmw)
☕✨ Kit Aroma,"TMPS 170,Blasón,TE-069,ACC 003",30,"Una pausa cálida con sabor y estilo.
El Kit Aroma está diseñado para quienes disfrutan los pequeños grandes momentos. Una combinación ideal para iniciar el día o regalar una experiencia reconfortante, perfecta para el hogar, la oficina o como un obsequio con intención y buen gusto.
Incluye:
Prensa Francesa Cocker
Café Molido y Tostado
Taza de Cerámica Bi-Tono con Asa Dorada (360 ml)
",image component recomendado-ocaciones-8-800x8001.png (https://v5.airtableusercontent.com/v3/u/42/42/1749852000000/ALfctTe5J7tpEfeWhJp-BQ/ugBOe9AL66SS8S8cLyUaC7CAtBzRxX7LW7kt8-9OK5k6saO35xyjVsAxdH3JrzGcG56yvBdFl2-tEJ2jowD-fa7mHz-2VUpJdTmYpufkT1_IvtVuu9gESx_Ckvhy1vbkBiDK90tFX7py7lfixF5czJ9nRalxiN8esOadQ6NKN0tjWizVBEHjTbatX-oa81PclAIhbSTeB4NNaIX0Ql1F2w/ImMEJT5s2jiUYOJt8wMBVXQbDWUXBUPTQbyvMtvESIE)
📱🎧 Kit ConnectEase,"SO 098,TH-152,ACC 003",30,"Comodidad y conectividad en cada movimiento.
El Kit ConnectEase está pensado para quienes viven conectados y necesitan soluciones prácticas para trabajar, escuchar o comunicarse con libertad. Compacto, funcional y listo para el día a día digital, este kit es ideal como regalo corporativo, kit de bienvenida o incentivo para equipos híbridos.
Incluye:
Soporte Extensible para Celular con Imán
Audífonos Bluetooth con Gancho de Silicón Anticaída","""ChatGPT Image 8 may 2025, 01_54_17 p.m..png (https://v5.airtableusercontent.com/v3/u/42/42/1749852000000/xf2DB1kcXZPvxIZhNW2mMg/sT21DRs2xLKQsRvtGnZ8EMhP8egWB6S6kHUK84ixFn6DzDlW-JeAggI1MHhZkh3q9HhsssYyX9yHmdZ1aHSVMe0C3S2BE4Mwlv-XcglCqF-6L48vs8DpXHKwuGDICih0IxnibcSQOBvZxgXuUz63FVRO8ZsjXCpFIyEVKJfgIu4AHk1Yt_1Abs0TcSiwVWKp/bfDJnll9nQyJW-7Wu-OCqXDJTZgp7cuAXXOBOgBJbSg)"""
🎒☕ Kit Core,"T 186,""SIN 531
""",30,"🖤 Kit Core
Diseño esencial para quienes avanzan con propósito.
El Kit Core ofrece lo esencial para una jornada eficiente y con estilo. Ideal para colaboradores, clientes o ejecutivos que valoran la calidad en cada detalle, este set es práctico, resistente y visualmente atractivo.
Incluye:
Termo de Acero Inoxidable 500 ml con Acabado Rubber
Mochila Holde Ejecutiva",image component recomendado-ocaciones-8-800x80026.png (https://v5.airtableusercontent.com/v3/u/42/42/1749852000000/Ah_GN0lbtbcbDgLP_ymyJA/uzPKGeleWCsGhb649CY35N-RL-qUvD0rLdqZwBTbE4QQq7iaqTbXEi5QvemRvMti4kaOU7aBciinY6ICkni1fgTOOTAylaMWmH34z3A91C0c59T-UAN6SPEqXSzLyRkRnxmlihZTwKBrQvZyIeTr5vY6Y49FlV3n3TIYTRUTF-3gxABJDsnTKE2EvxW7TqJQGSnSQNs16KeLDXBhOxnfiQ/rgcQu9mMaSfuo6iEyWLA0J9-C5Iswqr9UUTPZOClyt4)
☕🧣 Kit Cozy Mood,"ANF 076,TE-221,COB 001,ACC 003",30,"Confort y estilo para disfrutar cada momento.
El Kit Cozy Mood está pensado para crear una experiencia de relajación en cualquier entorno. Ideal para regalos corporativos, kits de agradecimiento o detalles personales, combina funcionalidad, calidez y diseño en un formato compacto pero memorable.
Incluye:
Cilindro Assh de Acrilonitrilo Estireno (Doble Pared)
Frazada Minya","""ChatGPT Image 8 may 2025, 02_02_05 p.m..png (https://v5.airtableusercontent.com/v3/u/42/42/1749852000000/-4bwcR90Yl-3-5rA1rErqg/7286nEZ9oiBanBKT8FPBgWuRqJCs5JVAOm4ZnztZPJiVh8pb53KRr_uXoDYkDRcwBNnk9aGKjfQElAgJiGRLj0wZpqas6NBzZY0l7Za2vEf1VeTYtLAyZBOxy0nR2xDRPN296ZDrDcRSoOuQ_iN-o_gIQviIUlfhBtfyiNM4czt2RYq0ZEqsEBfnczF90_UI/z2r9a9TFJnAlLiox0rFykmFT8b86jrzmR-rwqqi-d90)"""
🍷🥜 Kit Sabores del Valle,"FRA-CAC,FRA-PAS,FRA-PIN,BOT-MOR,ACC 003",30,"Un recorrido de sabor, contraste y armonía.
El Kit Sabores del Valle es una experiencia pensada para sorprender el paladar con contrastes dulces, salados y picantes, acompañados de un vino tinto suave y elegante. Ideal como obsequio gourmet, detalle de agradecimiento o regalo institucional, este set celebra la riqueza de los sabores y el arte de compartir.
Incluye:
Frasco con Cacahuates
Frasco con Pasas Cubiertas de Chocolate
Frasco con Piña Enchilada
Vino Tinto 750 ml","""ChatGPT Image 8 may 2025, 02_06_42 p.m..png (https://v5.airtableusercontent.com/v3/u/42/42/1749852000000/fn-ibUKFtzzKu8MO6diYuQ/zGf-N-ytCaLUByPjtFTEgN3MR6dikddklalYdONh4q2DcAT504JAnc2AG9Bv_uRezKjbI-q1JoBisa6An1KfeucVNly66eIGluVg-OTgL9CmFQvrLHUXQtlRKS7WDVdo91u4s6hZu05zEbRLXqKDscM2_8fFGtjy3RJz0Z2i4N2qnXbROwY843wWTxkwq7hS/RudDmMJKfmSNOzLxDyAxTPW2Lio5yD1dyf4BptAP880)"""
🥃🪵 Kit Legacy,BAR 030,30,"Un clásico reinventado para quienes disfrutan con estilo.
El Kit Legacy es un set de bar cuidadosamente diseñado para brindar momentos memorables con distinción. Perfecto como regalo ejecutivo, obsequio de agradecimiento o presente especial, combina funcionalidad, materiales nobles y una presentación sofisticada.
Incluye:
Licorera de Cristal
Vaso de Cristal
4 Cubos Enfriadores de Piedra
Bolsa de Terciopelo con Jareta
Estuche de Madera",image component recomendado-ocaciones-8-800x800.png (https://v5.airtableusercontent.com/v3/u/42/42/1749852000000/Ae-6_d_6MAxfe1VFxGuWrA/ZqkcnlaRV5GRoyFT6gyX0Lub3KylNXDeP33rpGLqjTfCJO6GOt0uAwalTGubsZKlwRM3V8ET8XtftBtiYgXML3l__gBGHmlwy5do0gv1ZEiA5PxvDw74MDdcx32IjKJtZavmNzGwWNHTwp3Tvc0_tmyHetZrIUFL1T7w3x-X4WfQg6Vl4lcIHpsF1Frb3AgKcFrhCK8vdXHBi99tZFuQPQ/ReEfr9jnoff0Hy-3tlT7lYyrlWzfNpiBogKNk923ONU)
🎒💧 Kit MoveMax,"PC-084174,TE-184",30,"Listo para acompañarte en cada jornada.
El Kit MoveMax está diseñado para quienes se mantienen en constante movimiento, combinando funcionalidad, resistencia y comodidad. Ideal para un estilo de vida activo, este set es perfecto para la oficina, la escuela, el gimnasio o viajes diarios.
Incluye:
Mochila Phenix para Laptop de 15.6""–17""
Botella Jumbo Transparente de 1.4L (48 oz)",image component recomendado-ocaciones-8-800x800.png (https://v5.airtableusercontent.com/v3/u/42/42/1749852000000/fLKQSwZcJbE3P62ax-uiCw/Zl0kVGXZxcGFTCzQOWruCf4Vn3e6l_hjCnpQKgdgaT947GUey1DH7wQ2-xfRJItex79KN34knJfZRYCBR19d8KmBM275Ksgbe4eA-eHEcpqZPJpm-6_-hV5hvdaR0uzhcnW7Yf901czXo9RtJIe3--x04CGfWrqliEb0N2eY7NU1jWeTPiv1qhgDtvq6RD7xjN5qRxMvI1DoAx1mwQwpng/-L1Q47hufgIfC_2vyipBbVL-IR4Q7rf-AoQFdocPauU)
💼🌿 Kit Urban Balance,"TE-174,LL-032,TX-192",30,"Estilo, practicidad y conciencia en cada movimiento.
El Kit Urban Balance está pensado para profesionales modernos que valoran el diseño, la funcionalidad y el bienestar. Una combinación de productos cuidadosamente seleccionados para acompañarte en tu día a día, con un enfoque práctico y estético que refleja compromiso con la salud y el estilo.
Incluye:
Botella Mate de Plástico BPA Free (1 L)
Llavero en Curpiel Blarney
Backpack Porta Laptop de Nylon y Curpiel",image component recomendado-ocaciones-8-800x8005.png (https://v5.airtableusercontent.com/v3/u/42/42/1749852000000/_0-028nJbcRRmZWGP15beA/4UhNK_X4qN5Fn_HQiXLp6lHykkgbEIA5Z3Nh8uk8TwrIfb7Z3XPPJGRQUcjjtgG3C2ZySheOjtM-D3PtnjTI2wxUHAFNg_23Sp4d3Qjp31UDzGbHl4-EKvjWypTRDDCH1KbgKtQZrFyyVnF3wJrhcTw6mOwyYmIYgBM7OOMuVwwqkhdB2sO7zdPL0BoMymK-rrK9E1vo8iaNSNfolCO8wA/GyEu_0Z9DmbONVxdKE2XMTr3CYn1t_ch5wsQ1ud-ORI)
🎧📘 Kit VitalGo,"TE-115,TEC177,lib-fee,TX-166",30,"Para quienes se mueven con energía, organización y estilo.
El Kit VitalGo combina hidratación, conectividad, escritura y movilidad en un solo conjunto funcional, ideal para personas activas, creativas y conscientes. Diseñado para acompañarte en tus jornadas más dinámicas, ya sea en la ciudad, la escuela o el trabajo.
Incluye:
Botella Deportiva de Policarbonato (1,500 ml)
Audífonos Cristal
Libreta de 80 Hojas con Papel Silky
Backpack de Poliéster con Cierre de Jareta","""ChatGPT Image 8 may 2025, 02_09_10 p.m..png (https://v5.airtableusercontent.com/v3/u/42/42/1749852000000/Q8vhDodAdPOJ1rQcc-ordg/c6slNZVI_MvtfQONznBTpbb5NQIYG2uEnGlOCIzSxQfbTt8GWk9uMrvA4Dchy_m7RMSgneb5M4VKE6zZqeIj6P9MZEYilyIeW4826lewwKrsrgP9RINGp4aA6rv5ZRFiFDvhGO0mbw16uypj6ewkbRzKWn6A6Tmyelih58GvPEpu1i4WZOHKI2tt5f04Sznb/wRDX0BUEGwEYZCpiP5kUS9oQPcpX0l5dTk72Jq6C1a8)"""
📚🍵 Kit Flow,"TE-151,LB-091,SO 124,SIN 906",30,"Diseñado para acompañarte con orden, energía y estilo.
El Kit Flow reúne herramientas esenciales para mantener el enfoque, la productividad y el bienestar durante tu jornada. Perfecto para profesionales modernos que valoran tanto lo funcional como lo estético, este set es ideal para integraciones, regalos ejecutivos o programas de fidelización.
Incluye:
Termo de Acero Inoxidable con Infusor de Vidrio (500 ml)
Libreta Zabbar
Soporte Plegable para Celular
Mochila Baum Porta Laptop",678bcd5f-c7a3-45e0-a6b5-8d62b4162f80.png (https://v5.airtableusercontent.com/v3/u/42/42/1749852000000/iO_BOJcwZ57Jm4bHDNsjbg/5nXgGe7rPtXM24JlAC_eBbS7qt2-f9GOqOolleCSzfT_Uezxgd4eBASURw9G-BSpV0b9UqBRJCKZ4oSQBgPUSrw60op_fX33uuNRDwbwc4BSSVlHLOrvjDwxrU7BSbukqPlhcdqNHotXrcvWb55BvudvvSQ2m6nMS78xN8LwfZZubNhSKqrKSiFE-xrg2PCv/sDhuCCqFQT80Hb0OkjoRaJchh2upGtQqco7h9dHBrMY)
☕🌿 Kit Latte Moments,"HM-093,A2748,Blasón,ACC 003",30,"Para transformar cada pausa en un momento especial.
El Kit Latte Moments es una invitación a disfrutar de una experiencia sensorial completa. Perfecto para amantes del café, detalles de agradecimiento o regalos que conectan desde el primer sorbo. Cada elemento fue pensado para brindar calidez, sabor y un toque de confort.
Incluye:
Taza Caminia
Espumador Eléctrico para Bebidas
Café Molido y Tostado","""ChatGPT Image 8 may 2025, 02_12_30 p.m..png (https://v5.airtableusercontent.com/v3/u/42/42/1749852000000/OZjp5Lt-BYbY9BFZq9LoRg/Y7mjSLPtS0gN3YScrd7GYqAV5ojtVPYkrJQmIYX8q4BKoYqN3ACvOS3vr-jwUWU6O1jf4IZ0W2exIuUwnR1-SH2yVJPQwRiOX7Hm0nfhpdv8Bz9GLLAarQIdWp9xE0lHgQgcfWsbkx2HeTk72NVE9UoJ8VN2DeeYz3LANI2p9ktmvdL5hpHThm1bFy3WXMK1/_HKCU0Kmug-8O_UEAdPNyaZ6bziIY5juMfq7yRnYVYc)"""
🖋️💼 Kit Executive One,"M 80190,ari-met,T 225,BL 051",30,"Diseñado para profesionales que se mueven con propósito.
El Kit Executive One combina herramientas esenciales para la productividad diaria con un diseño funcional y sobrio. Ideal para quienes requieren organización, movilidad y estilo en sus jornadas laborales, este set ofrece una presentación cuidada y elementos prácticos que marcan la diferencia.
Incluye:
Carpeta Organizadora con Block de Notas
Bolígrafo Metálico Roller Premium
Cilindro de Plástico 1,000 ml
Mochila Ejecutiva con Compartimiento para Laptop de hasta 16”",image component recomendado-ocaciones-8-800x80015.png (https://v5.airtableusercontent.com/v3/u/42/42/1749852000000/pIIjLjiPvKqNGoBoAilOjg/X9oDJOv4ymbCAJd_CO0fXKgH0P6ZCjzaAnoRdndFq0-4dAbyrCKPsKzkFzFU5n0j_zqGzfXY3gMExcC_KnprPnEpeFZcN-gMqmsVE7IImvg1ksbNh4lOIyXnZ2tQZNozoR30kgJ-HA3VffivObvOW3DUFbCuXIR1MhnNXR_bW5xrYftUte9ZFhHjLEoQJYQuxH_IyNNu8RiCzhtUsrxZKg/_DCfM2UwIJeWTaJTtWrdC0lD8ru29kSoqfjsC8s7ShA)
 🌙💆‍♀️ Kit Relax & Restore,"DAM 052,COB 007,SIN 215",30,"Bienestar, confort y un momento solo para ti.
El Kit Relax & Restore está diseñado para brindar una experiencia de descanso y autocuidado. Perfecto como regalo para consentir, programas wellness o detalles corporativos que expresen aprecio, este set combina relajación, calidez y practicidad en un solo paquete.
Incluye:
Masajeador Helena
Frazada Luna
Bolsa Vidya","""ChatGPT Image 8 may 2025, 02_16_55 p.m..png (https://v5.airtableusercontent.com/v3/u/42/42/1749852000000/MCIsD-sTWqf6lgNbEoTBCQ/EjJ78Yeu5pz-cTaDqtIX_Of7f4S3UpWWNeQKtwRxItC1_Mby5PQBqPkHjrhLjuv1NlSiLp2148_nK6zim-VXWc3kwun46q1KlW0ziB0TYXfgoxGtg-O-UiznIHyAg93GGxaM8ZUWCVnaM5LxV6Rr3E-hyZFB-Q6-5ClNlvr0l__QVhqGF63bZJ63kjXogd1N/ayTG5nUGIUdf4iPMX4IG-V7QzPDzMKXmUuOEG90EArY)"""
⛳ Kit Fairway,"A2963,GLF 012,A2977,ACC 003",30,"El Kit Fairway es un regalo único que combina estilo ejecutivo con el espíritu del golf, ideal para quienes valoran la distinción y encuentran inspiración en cada detalle. Pensado para ejecutivos, socios estratégicos o amantes del golf, este kit transmite elegancia, enfoque y una afición bien cultivada.

Incluye:
Vaso Térmico con Textura Golf
Set de Golf Aveiro
Juego de escritorio","""ChatGPT Image 16 may 2025, 10_34_44 a.m..png (https://v5.airtableusercontent.com/v3/u/42/42/1749852000000/xB777C6pI_yPTe6ksFy2Vg/EnQ8Y8vWlw22XxNqRk-0RXb5KIGgS88kJD7VDocvGUneXbiKB6NvuhBWTwzyFDdoa2gAk29D7njzNuE3zeogjWsInt8R0d_lC-BNp3DScDf-FX8YUz6gKkG3FZDzGyq-Z1P6tCeZnWQKrJwfzmTYKTcatuTXttgeuSWLCCio5uxJTkfh5lrlz3f6spw_ddjj/sELecB6u5iivFpfDv4Gixu7Sh_jOff8W0fHHMKMxK5o)"""
📱🎧 Kit Sync Up,"PC-270157,BB-H36380,SO 124,ACC 003",30,"Conéctate, escucha y mantente en movimiento.
El Kit Sync Up es ideal para quienes buscan tecnología práctica y estilo sin complicaciones. Perfecto como regalo de bienvenida, incentivo ejecutivo o reconocimiento, este set ofrece conectividad, sonido envolvente y soporte funcional para el día a día digital.
Incluye:
Smartwatch Bluetooth Mercury
Audífonos Inalámbricos On-Ear Billboard Unite
Soporte Plegable para Celular",image component recomendado-ocaciones-8-800x80042.png (https://v5.airtableusercontent.com/v3/u/42/42/1749852000000/v7soNcI_7XBtJrUGEdsH4A/iyxBygmhUkwGop0s_aFaWIEf6iojpFdLR0s433f7TvzgIQ0oR2pxNQBTkacVtckuepzMQx_Inex-hSFaOHgGcMzMyD4M8q9FzK7o75WG5j332bt6b4wa53wDa5W-t7r0CfVWqle-_ExE1IavtHPtmpyLNdDckxa24my37yOx9aT1JVBGpa_RSdCvAi6LCdPJluLTrdxxrirN5n0vz5xZzQ/Wt0RA_H37sP3KpVENrTaVaY9UbbjraWObXRgu4yPlV4)
☕🧣 Kit Comfort Brew,"HO 058,TMPS 176,COB 004,ACC 003",30,"Calidez, aroma y confort en cada detalle.
El Kit Comfort Brew está diseñado para regalar una experiencia de bienestar y pausa consciente. Perfecto para disfrutar en casa, oficina o como obsequio reconfortante, este set combina funcionalidad, diseño y una atmósfera acogedora que invita a detenerse y disfrutar.
Incluye:
Prensa Francesa de Vidrio
Termo Macao
Frazada Edaria","""ChatGPT Image 8 may 2025, 02_21_29 p.m..png (https://v5.airtableusercontent.com/v3/u/42/42/1749852000000/E6Ts9vXGJiEfJMX8BUB-1A/BBkArdxJB3CAO91_fTU-ZZAqQua2zt7T9ZdOX_DCPo0FTL18j5ihbf_wsKpGSsMmA15drg1JL-ZNwPDkPPVsX0Dd-MVbt18ChK8QvkvQSkXmWFHcsf0R1nitw99AAddbn9ocIk4V1IfvXvzk2jgr6J3Hky301_e4kI0Kxw9JzLLrB6OvbXFssVG48sDpmXTg/uXUeqgW9d2JRcaxFVtfo70Zo_1xd_eFmV8eBkREYUtM)"""
🌿🖋️ Kit Essentia,"dak-met,TE-134,LB-091,""SIN 531
""",30,"Funcionalidad, elegancia y conciencia en cada detalle.
El Kit Essentia fue diseñado para acompañar a personas que valoran la calidad, el diseño sofisticado y los pequeños toques que marcan la diferencia. Una combinación perfecta de tecnología suave, materiales nobles y organización ejecutiva, ideal para un entorno profesional moderno y consciente.
Incluye:
Bolígrafo Metálico Roller con Tapón a Presión
Termo de Acero Inoxidable con Detalle de Bambú (500 ml)
Libreta Ejecutiva PU con Cartulina
Mochila Holde Ejecutiva",image component recomendado-ocaciones-8-800x80030.png (https://v5.airtableusercontent.com/v3/u/42/42/1749852000000/N_AUqMKIHcmfVjsKCeMXwg/QX98m0ATVBOEtPdEJJu6oqDnYhRv0Zx0D8qJbwnb0aPeQlpq9nru2Vpe33cNsy0Enypl6mX-oy2yLTmVABwQ9O7sqe0taoLbUOPjwwuJ44p4j3FUywj8ROV5GJbBJj4S3JIW_VGuzbjY_APChj_I4ycOrSgVYE3pAyVq5C_2kbG1R1QC4f13bvBWVjZbO_AnNSqmGqof0lN7B803AY1GiQ/4pgNLLF1GpyvXvTNphhgLMZT5z7k2KKuEY1dIyYjQ5s)
🔋📱 Kit PowerLink,"ST-A62411,SO 124,ACC 004",30,"Energía y soporte para tu día, estés donde estés.
El Kit PowerLink es la solución perfecta para quienes viven conectados y en constante movimiento. Ideal para ejecutivos, colaboradores remotos o creadores de contenido, este kit brinda autonomía, funcionalidad y estilo en un empaque compacto y elegante.
Incluye:
Powerbank STF 45W – 20,000 mAh
Soporte Plegable para Celular",image component recomendado-ocaciones-8-800x80036.png (https://v5.airtableusercontent.com/v3/u/42/42/1749852000000/gtpT1rkMJdGSaMbUJXOWtA/n0aKOxGihzT93m4yQ8eOsn4cYDuV4RzahHKmOQKRvgqKO5hbWy722PN0ejaPfV1htW-YxHTcVSfryRXQOjV-DI6DSuosoj_PEgM8wWFjNqU8aWQ7wrKFzign-Pfd5HEvKbtg0YsOEu-MGHwLx2fLhYbms9WM9r9SsBYqGLohHAs5kh66rml9ObZJohtp3f4Xt_W-S8WGIVGinVXkYHcj-A/JI0jfT8x_rR0ETtEojGnW09T8GNExQc3jZSo1VzN7Ak)
🔊🎧 Kit SoundMode,"PC-113089,SO 116,Ma-Ren",30,"Estilo, ritmo y conectividad siempre contigo.
El Kit SoundMode está pensado para quienes disfrutan de la música, la tecnología y la libertad de movimiento. Un set perfecto para llevar tu sonido a todas partes, trabajar con comodidad o simplemente disfrutar tu playlist favorita con estilo.
Incluye:
Bocina Portátil Inalámbrica RGB – Handy
Audífonos Plegables Bluetooth con Acabado Rubber
Maletín Moderno y Funcional","""ChatGPT Image 8 may 2025, 02_23_56 p.m..png (https://v5.airtableusercontent.com/v3/u/42/42/1749852000000/yPXuUX6EQ9sgZgrBNBaWZw/S7L6VUntppwJYEVfZmKm_Ml3OAguMHulG2ydNNGNxOtbQB1M5yrfKbt8tBYf9l9u2eKoBfEsRDTYu42M9nchOg_XSFFE8VkdTuFWQNaJeK_ksHxkoMBZleg0F0l6G-a0FKLzpRV4MomJ8jFptX8z7FQh_aJMsSvl8ldKlXyP624cauSOxqSNd-FGBIn0aBV9/ZAPUKya9TeBvCf2g1xVWKptI4BV_lqLwmkQKUGF63EM)"""
🎧✍️ Kit Vision,"TE-229,TH-168,sha-met,SIN 535",30,"Diseño, funcionalidad y estilo para quienes piensan en grande.
El Kit Vision fue creado para acompañar a profesionales dinámicos en su día a día, combinando herramientas de hidratación, conectividad, escritura premium y movilidad inteligente. Este set transmite cuidado por los detalles y un enfoque orientado a la productividad y el bienestar, con un estilo moderno y práctico.
Incluye:
Termo de Acero Inoxidable 1,200 ml con Popote
Audífonos Bluetooth en Estuche de Carga
Bolígrafo Metálico con Textura Ultrasuave
Mochila Delag Ejecutiva",image component recomendado-ocaciones-8-800x80032.png (https://v5.airtableusercontent.com/v3/u/42/42/1749852000000/mAcV0PnbYQD5nFgzK4gIiQ/3chceHTpwKzDuoyfOICWHXRo7ZW2x7M-WncYAtrjgzYqbWFTCwzveGVf_LwnY6JRQsdLq6RI3AdtD3lUbjwkJbECFdHo0S8JzvUYv_14cWL7GMI5ZtduD0cius-PbSsPyEvjPC0boJIEaYJTH9MLqYNyvq_oC_oRVq5V3MOzwn8TMefr0eFee0gsAVv5_Ros0M3Uzm2n0Cg12DCxodK_QQ/APnzEfhnMWOqkNK-N5agIHDumhMQUbGjE0-78xA2x1E)
🖋️📆 Kit Impacto Profesional,"dak-met,Coff-Nor,AGDU 025,ACC 003",30,"Organización, estilo y funcionalidad para un año con propósito.
El Kit Impacto Profesional fue creado para acompañar a profesionales en su día a día con herramientas que inspiran orden, elegancia y rendimiento. Perfecto para regalos de fin de año, programas de bienvenida o reconocimientos ejecutivos.
Incluye:
Bolígrafo Metálico con Tapón a Presión
Vaso Térmico de Acero Inoxidable con Doble Pared
Agenda Diaria Ultra 2025","""ChatGPT Image 8 may 2025, 02_26_42 p.m..png (https://v5.airtableusercontent.com/v3/u/42/42/1749852000000/1M9GRhMy6VuZLaP9SraTug/G75QMvEIN-hyQUzvOL5wGoUnTdZsiAnhv8wyEsOcwlzRN1wFcbH-dOCLFy2iP2-Jrz88IdwwKwCKAa9Orfz5GPoC8m3eEhmZSVfJ3gN-T6qrJu5xZsIToi7HafgWLhv_1f0NjDQoZutJ5jn-zdkq4R572NCUrf12lh-rghvcsaOSf01-MidwU5VACxKZL-YK/3Q7yh6H5zV_BuaGYK1NKOtXOw6hc2GftDAUAczAs6iQ)"""
🗂️👜 Kit Prestige,"age-bod,CART-MV,ACC 003",30,"Diseño atemporal, protección inteligente y elegancia en cada detalle.
El Kit Prestige ha sido cuidadosamente diseñado para quienes valoran la distinción, la funcionalidad y la calidad superior. Una combinación de artículos que fusionan organización, estilo y tecnología de seguridad, ideal para ejecutivos, socios estratégicos o como regalo institucional de alto nivel.
Incluye:
Agenda Box Diaria
Cartera Vertical Mosvarti con Protección RFID","""ChatGPT Image 8 may 2025, 02_30_47 p.m..png (https://v5.airtableusercontent.com/v3/u/42/42/1749852000000/3-hpISr_NtiuZD4n6AerwQ/SOQ1mE3SDX_DU5q5GffGiGzJc3zlW1ytNHwQH_L-5yGM36MjaDanBRvv4cdbGxIKCqRvOl1iVidStKGFW7TrmT3sFpxDU2YriGG1JiI6-BumE4TwCH4VGxzd37RKMv4SuYkDCDHO6vYV0KXwJ9TFM6GvoNj_hmgvdcRk9duQ8riW714AI9T3-Jg5nk0dve63/O0IAt2hvGPVDj1eVJCfkxWxFyJacGk1Joi4352xiopo)"""
🎄☕ Kit Warm Wishes,"TE-204,HO 058,COB 005,ACC 003",30,"Un detalle que abraza, reconforta y deja huella.
El Kit Warm Wishes está pensado para transmitir cercanía, calidez y cariño en cada elemento. Perfecto como regalo navideño o de fin de año, este set invita a disfrutar momentos tranquilos, con una bebida caliente, un aroma reconfortante y una frazada acogedora que envuelve con suavidad. Un gesto que se siente y se recuerda.
Incluye:
Taza Navideña de Vidrio con Doble Pared
Prensa Francesa de Vidrio
Frazada Tipo Borrego",image component recomendado-ocaciones-8-800x80046.png (https://v5.airtableusercontent.com/v3/u/42/42/1749852000000/3spP62BL2ROdZAYPbB1Ilw/MWunOWjHDro4n-jTHxHr58sSa2F-aRyNH0Wq4q4D3rzSbJPZm27pvIG2Ep_lk8FPbIyr76xdroM_DzKyRnuRgibl-4C-ItCc7TQB0zt03Kdw9nB7qwvv8ACbwlRn42DgJlqIXU20nXjwyrbhCoyC3EvkUP5Kv3d3xRFVPHd9b0JicjbKfiN7WNVVFkPf4zmIS363dhqjtKH5gXIDralh6A/VGIA-ygmxaRfGCXp3cc5lau3c-pO1iLTEK29i38TMnI)
🔋🎧 Kit Charge & Sound,"ST-A36748,AUD 046,ACC 004",30,"Energía que te sigue, sonido que te conecta.
El Kit Charge & Sound fue creado para quienes necesitan mantenerse conectados sin interrupciones. Ya sea en movimiento, en reuniones o en momentos de descanso, este set brinda autonomía, conectividad y una experiencia auditiva envolvente.
Incluye:
Power Bank STF Premium 20W – 20,000 mAh
Audífonos Rink","""ChatGPT Image 8 may 2025, 02_36_37 p.m..png (https://v5.airtableusercontent.com/v3/u/42/42/1749852000000/h9xZJD5wIfJQMvY1OIpsPQ/lBFHeXZ6I9XuA8qvj1zaKj7DEtpOcXG8N1ay4YdIMAv8G8KQtw2tn1iibTGptQ5UVhZL8KHrQdgPSLqUCLK40oHvWN46t29V5w6asoYh5-g2jd4nJiMGdpTBesJabK2tZGDC0NeliTH1jidBSIuKvfhnPLWglNBC2J3kQQnAJzYFscPsgWK5fyeL45p74dF3/AEH4U_h4XsEd2_vPI87cjTkTFdVwwwMrCqYXI0X1gVU)"""
🔊☕ Kit Pulse,"TMPS 205,ST-S77286,ACC 003",30,"Diseño práctico y energía en movimiento.
El Kit Pulse combina funcionalidad y tecnología en un formato compacto y moderno, ideal para quienes valoran los detalles útiles y con estilo. Perfecto como regalo institucional, kit de bienvenida o incentivo, transmite una imagen fresca, conectada y profesional.
Incluye:
Termo de Acero Inoxidable con Sistema Push (Doble Pared)
Bocina Inalámbrica Portátil STF Rogue Mini",image component recomendado-ocaciones-8-800x80039.png (https://v5.airtableusercontent.com/v3/u/42/42/1749852000000/-sQehxn19cUavGAnqR1E3A/wvEj7MeAoij7veAL7X86OYpmTiVbgiW9fBfJ-Kz_oTTBJMCop2mxwoOctbudnwK7EYlKILGydVPFbrPBzDooS7Dr6Hr1_UalJR-Fp42VZQ5xOVa8-2r7UaZ_C39ScV3cZrN85KYcmP7W7wkBoExIziNclru5dfOB99XE9lrU43YjAXKAsc10ExVzwMKM1WdPdJpc1LctOsHqzfdaTa0sjw/lWUrAARkDKG6q1w54peKVxL9tgrvGYSGUJ93CyPugCE)
🖱️⌚ Kit SmartDesk,"DK-099,PC-045199,SO 143,ACC 003",30,"Tecnología, orden y eficiencia en cada movimiento.
El Kit SmartDesk está diseñado para quienes valoran la productividad, el confort y el diseño inteligente en su espacio de trabajo. Ideal para jornadas híbridas, trabajo remoto o entornos creativos, este set brinda una experiencia completa con herramientas ergonómicas y conectadas.
Incluye:
Organizador para Escritorio con Mouse Pad
Mouse Inalámbrico Snouse
Smartwatch Multifuncional","""ChatGPT Image 8 may 2025, 02_39_11 p.m..png (https://v5.airtableusercontent.com/v3/u/42/42/1749852000000/CSbuEKVobTPHb7oKjQje2w/j0u-L_XWba78AnVp2Yuz2NJV97V0tYWMRHBfbSEikfGoJmA_d0O8vjDgiHEr6FSbzopwtY8f5fRhSAvsGxnNMzTOOTRkF1YmMma_ai45rh_AvglcEIgz99aqgCAm7szCmHalulqNDNdOcvUuqbYovGnwSzYNfuvPzonEWWqJ8TNWtYwaoy4Jkg7tK4gVUBxP/MhdK8OIYx0Pg9v06g-Mp1VF7VyKudDAX74CFokuKEA8)"""
⌚🔑 Kit Pulse & Key,"PC-270171,lla-dre,ACC 004",30,"Tecnología, estilo y utilidad en un solo set.
El Kit Pulse & Key está diseñado para quienes valoran la innovación, el diseño y la practicidad en su día a día. Una combinación que une tecnología avanzada y funcionalidad cotidiana, ideal para ejecutivos, colaboradores clave o como regalo institucional con impacto.
Incluye:
Smartwatch Citrine con Pantalla AMOLED Siempre Encendida
Llavero Drei","""ChatGPT Image 8 may 2025, 04_48_13 p.m..png (https://v5.airtableusercontent.com/v3/u/42/42/1749852000000/bKGRmbPnv7dJpyq1HpSwqw/h7RYORX6fECgHRE0q6qxeK29pTwNhS4g3IbmWESKS7yyXgVe5w_x1zCkYRNCdcTEoDFkM-MicqE13rZxQJmF2yOQWV7KVwJymn2tiModOyMEEYQdxAxwqlIurJdwav84j4K2Ja-rO3s-dxIBEp-IeA8dtTg8Lx7xl0mOndwbY69y2SDUQ-3DZrFnDQRFXk35/K5M6GdTEOnkcQ3O8hCbjs7jw9wNGAjMWqkmkdKAg6bY)"""
🖤 Kit Distinción,"CARL-MV,lla-alf,COB 003,ACC 003",30,"Elegancia discreta que deja huella.
El Kit Distinción es una muestra de sofisticación sutil, diseñado para transmitir aprecio, estilo y atención al detalle. Cada elemento ha sido cuidadosamente seleccionado para ofrecer una experiencia sobria y refinada, ideal para ejecutivos, directivos o clientes clave que valoran la calidad y el buen gusto.

Incluye:
Cartera de Piel Luxury
Llavero Metálico con Grabado Láser
Frazada Ware",image component recomendado-ocaciones-8-800x80054.png (https://v5.airtableusercontent.com/v3/u/42/42/1749852000000/lhVexcp1Nzbw0ETgpKGi0Q/mVBiwJHtbc10E918OQM9KR5vTdUPimp_t-D6adAjXBpRX4e6ySGFHeogiJSC6RlQMolr2RM2wB--vpqf-Ont65b5PSh82Hd6k6FdWTHfHupg59_-DnYcA0sWyKfDCItYX5T9uQdEbab_wiihqG4avs3FDr7U3KvQEs_OFp0aju0M_8prKpPH9NtSMTNIUn7BpNmw0bJKCKn3Eaio3PIMXg/06_R-Gyyvzv2y-ZNFHowXbvMClKF8zY5KhghsIDNuPc)
⌚🎧 Kit Active Sync,"BB-E78671,SO 143,ACC 004",30,"Tecnología que se adapta a tu ritmo.
El Kit Active Sync fue diseñado para quienes buscan mantenerse conectados, activos y enfocados sin comprometer estilo ni funcionalidad. Perfecto para profesionales dinámicos, este kit ofrece herramientas inteligentes para cuidar la salud, disfrutar de buen sonido y estar siempre al tanto del entorno digital.
Incluye:
Audífonos Inalámbricos Billboard Soul ANC ENC Plus
",image component recomendado-ocaciones-8-800x80038.png (https://v5.airtableusercontent.com/v3/u/42/42/1749852000000/FVb3ncK92rQmvjnt3NX6-Q/IVysUMXzTqIJ7AYx8Oub-lDzfeDnMjlNsf8DARaLs-dNwqgaTTJbgwzTWYGfcCxiIMq87FgaRXj6iLzWG9IEEqKmj6NUaclEDbYAfLxV0ZJCEr8PTm-SrlDI191o8GdigSsl-NrEaDI-2H90dZhlnqjckYCv5omXDNXh-ZenK-jalTSsXGjx04eghOalzqO4oaM6lUo4NPSEZnNCCUEXQA/GBy6WCD-xAuYl6iZBtbQa8irDGDTU26_GmM4b97GUGk)
🌱💼 Kit EcoExecutive,"SIN 014-,A2867,bol-met,TX-183",30,"Profesionalismo con propósito.
El Kit EcoExecutive fusiona elegancia, funcionalidad y compromiso con el medio ambiente. Diseñado para profesionales que valoran tanto la eficiencia como la sostenibilidad, este set es perfecto para juntas, viajes de negocios o jornadas laborales dinámicas.
Incluye:
Carpeta Portafolio Ejecutiva
Termo Nayad Neo 16 oz
Bolígrafo Bold
Backpack Menfi","""ChatGPT Image 8 may 2025, 04_59_13 p.m..png (https://v5.airtableusercontent.com/v3/u/42/42/1749852000000/ejLnY_MZGpb9SNJAaxnPVA/g_4lRO_rJeUhD9e-UJOROiSC05zQVJ2wrj4JPJtRxTbdqjj8ul22zwipkOnOmeFERhSCmZPytpRoYh6D1drOzAqWMkLc_0K9HeIiDP39Id0Z7T_NwCuu3sbd3QiR7pIrk15hEGNqEtODu-wR7UCOqMCISDswjvMsaL0mDaCkJ8XO4fszR3xHtpwjYt3yDrA-/lrXZXymp_df87la0-P624yCkg7-0kGga9i4_u0yQNa8)"""
🔊🎒 Kit Power Play,"TMPS 235,TH-239,A2812,""SIN 531
""",30,"Conectividad, energía y estilo para quienes se atreven a más.
El Kit Power Play es una combinación perfecta de tecnología, movilidad y funcionalidad, creado para acompañar a personas activas, creativas y con una actitud vibrante. Pensado para aquellos que no solo trabajan, sino que también inspiran, este kit es ideal para regalar en eventos especiales, reconocimientos o programas de alto rendimiento.
Incluye:
Termo de Acero Inoxidable con Manga de Silicón (20 oz)
Audífonos Inalámbricos Touch
Bocina Bluetooth Karaoke con Luces LED y 2 Micrófonos
Mochila Multicompartimentos para Laptop 15”",image component recomendado-ocaciones-8-800x80045.png (https://v5.airtableusercontent.com/v3/u/42/42/1749852000000/7PAm_Xd3iUpQzHnRq7UQeQ/-XvxXazUeWe2fLDQuvqRNReSS0qmoTGSrwR21MoVc5rYpCGyTakEY0BRUsMPRUtKeCvszhk-tdXDRNtIKl-evNwzlIdRY1_3uZAWk-sKWbWyx9JRhWlEgbj3uykWDrb7lHPllfFnTV-d31EhZIuCJ3Ql7JF_CFzWY1SUWYFL5PMwdeTDqPATQEbqq0XOOTJH5vbfbIzDgUPhpoMTUGA-Qg/ELlDiOp-PPSzBqbcoSR9MFJHjnq_NbrdhM9hdQ_8jN0)
🔊🎧 Kit SoundForce,"ST-S77286,PC-117117,Ma-Ren",30,"Conectividad, potencia y estilo para acompañarte en todo momento.
El Kit SoundForce está diseñado para quienes disfrutan del buen sonido y la funcionalidad en movimiento. Perfecto para trabajo híbrido, entretenimiento o actividades creativas, este set reúne versatilidad, potencia y presentación ejecutiva.
Incluye:
Bocina Inalámbrica STF Rogue Mini (5W)
Audífonos Bluetooth de Diadema Plegables Soundia | Perfect Choice
Maletín Ejecutivo","""ChatGPT Image 8 may 2025, 05_06_14 p.m..png (https://v5.airtableusercontent.com/v3/u/42/42/1749852000000/RisQSGpnJF_L_8Z5Hbtbyg/4OJMASv-MSmBeYbDEn12rICKBby-xupsTy4h9KFOMiaVlEex_hfozPsuTAarhifZ2S7LbIJKgQmNuSXevtuzI1YdBlXirr85Kn8-YnXYfjuisU-D0ZExWFyxFC8QrrGHxkzSEdksZruth8cIyRp4uCcgNS5lBi9UoPNcDv7HV_vRuXmaOxo9wFFpf6RrtaCW/-TZjNcnaZHVEfcYhedpr0U4Ljq9moPuDfq2s9Kn5ujQ)"""
🎧✨ Kit Urban Mood,"TH-200,TE-140,TH-239,BL 212",30,"Estilo vintage, tecnología actual y funcionalidad para el día a día.
El Kit Urban Mood es la mezcla perfecta entre lo retro y lo moderno, pensado para quienes valoran el diseño, la tecnología y la practicidad en su estilo de vida. Es ideal como regalo de bienvenida premium, incentivo corporativo o detalle especial para clientes y colaboradores que están en movimiento, sin perder el buen gusto.
Incluye:
Bocina Vintage con Lámpara LED Táctil
Termo de Acero Inoxidable 500 ml 
Audífonos Inalámbricos Touch
Mochila de Curpiel Ejecutiva",image component recomendado-ocaciones-8-800x80047.png (https://v5.airtableusercontent.com/v3/u/42/42/1749852000000/p4yOUBVydT9zPc8ZItd5-Q/VHTWu8CFjJumVtiEAiv30-5T_5PvcnWwWfDzwf9CvlEplpDhPqfJ2-LSB7_zk1RacB_T3ED55dy4BVI8Tfow1DkkhYiDpiKZWVEU4pyxf0OO6ufTzgcrE1O1Qwu77kUX1TmENF_yfp206p7plab97oJv2m7rMzhqrEjfOWhWXARC6MG-XHV8_HTOnpwyTsjNFf-fyePMgEhG5tyyMnvtNw/5z_-pLBTIbUgnZHyo2uEQVVkJ48JToQcWkmlr3fo0Tw)
🎧🔋 Kit Proactivo 360,"TH-167,CRG 043,RQ 1002-,TX-193",30,"Tecnología, movilidad y estilo en un solo set.
El Kit Proactivo 360 está diseñado para profesionales que necesitan estar siempre conectados, organizados y preparados. Combina herramientas clave de productividad, conectividad y transporte en una presentación práctica, elegante y lista para acompañarte en cualquier jornada.
Incluye:
Audífonos Siem
Power Bank Estocolmo
Bolígrafo Roller Ball Premium
Backpack Porta Laptop en Poliéster y Jacquard","""ChatGPT Image 8 may 2025, 05_17_20 p.m..png (https://v5.airtableusercontent.com/v3/u/42/42/1749852000000/BWt7cWGZZbXMWfYhu3l7kQ/81bztSAKfHJ82Jo50b4RKI7WNBxwE3lJR9xDbAbmIUcsKyjLen71nWq5IK9ag5HrePzSb9QBADycJqZ6CBODkbZ-jqECbdrtTS4bUg80SUKpprUEQ7IFobwzFcVDlgH09ld5FUGx1dJ6wyQugNg9JnWWXwSsEPfX9Xa0Q40Om6pQqzZ_g0yNsyxKaeQPJzSB/O1pobrC2ev4wjvEfD8lYGYNC585reXx7fXEKJ9PYxzs)"""
🎧🖋️ Kit Elementum,"SO 153,ari-met,TE-105,SIN 116",30,"Equilibrio entre tecnología, funcionalidad y estilo.
El Kit Elementum combina lo esencial para el día a día profesional con detalles que marcan la diferencia. Diseñado para quienes valoran la eficiencia, la elegancia y la tecnología práctica, este set es ideal para programas de bienvenida, regalos ejecutivos o reconocimientos especiales.
Incluye:
Audífonos Inalámbricos con Estuche Recargable
Bolígrafo Metálico Premium con Textura Ahulada
Termo de Acero Inoxidable 500 ml con Asa de Silicón
Mochila Masai Ejecutiva",image component recomendado-ocaciones-8-800x80031.png (https://v5.airtableusercontent.com/v3/u/42/42/1749852000000/-rI1cU0wWT94GrHLADNtgQ/-tpefG9flOdL2hyxwP5yYvqhMoTW_02uf9HvMDJLuswa3F7MmTHvsxLaciG3hku0VgN3mSp2XHysktrkVEPKY-n3Bro5YQj9H5ufm8OvoFfPElwEZhjVt_uJoQ0wSjlgeopsVxEgCxyLXDhVgmvwp5YiOw5JfXvjMpGRK5w2cmAIeWttStpQhwPTL2EsmV6INjzZPGCyWgcirNXTGd3OAg/BlrsB7tu_atbsK6KRolL8eWtP7B8uIloUSv5l-nRwEE)
🎒🖋️ Kit ProCore,"TE-141,LB-091,dak-met,TX-145",30,"Diseñado para avanzar con propósito y estilo.
El Kit ProCore reúne herramientas clave para un día productivo y bien acompañado, con un enfoque funcional, moderno y profesional. Ideal para ejecutivos, equipos de alto desempeño o colaboradores en constante movimiento, este set ofrece soluciones prácticas que elevan la experiencia diaria, desde la oficina hasta cualquier lugar.
Incluye:
Termo de Acero Inoxidable 850 ml
Libreta Ejecutiva de PU con Cartulina
Bolígrafo Metálico Roller Premium
Backpack Ejecutiva Repelente al Agua con USB",image component recomendado-ocaciones-8-800x80040.png (https://v5.airtableusercontent.com/v3/u/42/42/1749852000000/HZVRxbxSIlXBIgsyKQVSTg/P8Q2ZSnQkd_XyMb_GdSi_7NzLlrk6n44ow6eflCpdh3LVan8p3ICx1DHvllcDqfLLKgooNsLJYdNWDxKlS-kEPglzGlMLOm4_fqoFJydX-87ixBY70RPVEk2_3gBXE5S8U7huSBJfaBh4SlETvqfqC0yp1IcNEA6boofNwT9XX3Z2GhmDzKc_cJaGFAiEnSyheTWN3pmIZE21ouErSbjRA/vS2l21IU1EFDjP8wHJuNQxor9JnOOQ9D7SbRpK7HOqQ)
🔋📚 Kit SmartLite,"TH-219,TH-203,bol-met,A2894,ACC 003",30,"Tecnología práctica para inspirar, crear y conectar.
El Kit SmartLite está pensado para quienes necesitan energía, funcionalidad y versatilidad en su día a día. Perfecto para jornadas intensas, trabajo remoto, estudio o viajes, este set combina conectividad, sonido, escritura y luz portátil en una presentación moderna y compacta.
Incluye:
Cargador Harju
Bocina Daga
Bolígrafo Bold
Lámpara de Lectura Plegable Multifunción
","""ChatGPT Image 8 may 2025, 05_20_46 p.m..png (https://v5.airtableusercontent.com/v3/u/42/42/1749852000000/ot18tH67LHKQMEgC2nDeLA/9mD-PcdfG5iJf9WNfunAJrd2qDUBcoTIWtxpjQs24wwIn1LhTgg5GedekmkBo2jAZwWCWVzPkGwvqAWke6p2mGOyzkbc9klOSDE8fRq_fe4nhGWnamRkf8MkznZkeHM9LQ_P5lAkyvhgsGtYxZCK0bOjsSx5CVOFsusj069kEppPlBPQFIpn5yoQwDMGcyIp/kTCLDuxEPIiNIX5M0s_BGLNqmHJ2CkPoqDN4oLVlUQ0)"""
⌚🔋 Kit Executive Tech,"PC-270171,TEC175,Ma-Ren",30,"Potencia, elegancia y control en la palma de tu mano.
El Kit Executive Tech está diseñado para profesionales que necesitan estar conectados, con energía y estilo en todo momento. Este set de alta gama combina tecnología avanzada, soluciones de energía y movilidad ejecutiva en una presentación ideal para quienes lideran con visión.
Incluye:
Smartwatch Citrine con Pantalla AMOLED Siempre Encendida
Power Bank Súper de 20,000 mAh
Maletín Ejecutivo","""ChatGPT Image 8 may 2025, 05_23_22 p.m..png (https://v5.airtableusercontent.com/v3/u/42/42/1749852000000/uhjI9XIjAdKcvZRkzMWcRw/E2Jfd23BsPyC4I459YMm7sFHlx7TmrRywtB76xx0tiTyosQ_5mZnl3neHnqeuONFdTdgLqo08lhq7jhSYYzEUVLRLJBVcR-ui33AiFFMVNmMlvxnmb-dy7mpCS8lBOr6YNHXCaE68j9F6sbjF83-qs5Kxqy50tdRqr94B0NwOSQU-mGw3eTkjqZy5MW8dFFl/_uqWkgLf7dG6Lw4qUz9_hCllzaqGzK0qDEeUWuuiivI)"""
🎧🖊️ Kit Signature Sound,"RS-H62398,NW2122755,Ma-Ren",30,"Donde el estilo ejecutivo se encuentra con la experiencia auditiva.
El Kit Signature Sound es una combinación de elegancia, tecnología y presencia. Diseñado para profesionales que valoran la calidad, el diseño icónico y los detalles que marcan la diferencia, este set es perfecto para ejecutivos, socios estratégicos o como obsequio corporativo de alto nivel.
Incluye:
Audífonos Inalámbricos Over Ear | RollingStone by STF
Bolígrafo Parker Mono P Gold Ballpen-Med. Blue
Maletín Ejecutivo","""ChatGPT Image 8 may 2025, 05_32_23 p.m..png (https://v5.airtableusercontent.com/v3/u/42/42/1749852000000/yhS4DCvW85V0skEH8EjH_A/5mrCV__E4465-9Byw1C30JfcGSk0bGy0oAeRyH8b0kf4Ea9qd7PgvZgmRkzvuvxEJCM84svjQ3Vy4TPoYaUm-QjS-qylir9rq3-4Vd3lQbRXiIpDJ9R2LQ1Cd1AB3307Wuq_L87AFckjcM5ubJU0iCsdWc5b3L69VMhpwz2V6TyZadb6a25MQf_Z-5QkBzoy/vZhk2iFsh8L8P0uftUe7aCo_M8ZJZgQoxm5ptfl_P_s)"""
🎧🔋 Kit PowerSync Pro,"HPB-601 V2,ST-A36748,Ma-Ren",30,"Potencia, autonomía y conectividad donde quiera que vayas.
El Kit PowerSync Pro está diseñado para quienes necesitan mantenerse productivos y conectados sin interrupciones. Ya sea en reuniones, viajes o jornadas creativas, este set brinda un equilibrio perfecto entre rendimiento, funcionalidad y estilo profesional.
Incluye:
Audífonos Inalámbricos con Micrófono Vorago 601 V2
Power Bank STF Premium 20W – 20,000 mAh
Maletín Ejecutivo","""ChatGPT Image 8 may 2025, 05_35_15 p.m..png (https://v5.airtableusercontent.com/v3/u/42/42/1749852000000/Dm2fNiIz6ZZbuNNbTORP8w/XZTrD7pwe56gZ-3qhnKW9tL76NXAocJg94wUHJgo4BDRzRmlaRcmYLl4jpW69NmH0-jFqzlYYYHHFn4HmvpjNyNseIxvWW3tPvTs-zmsZR8V9fPn8CKhkQ1p8JG0AYyxHvh3OuNfrKXfH6B-Uv693YChmkUzfW4XJyKp5PIw5Vi5U031KjmwHvoHKFmEikk9/4RTUcXDTphvq7ZhBMm53DOfp3_1bNnsSW6u333zliOA)"""
⌚🎧 Kit TechMaster,"ST-W08946,BB-H78824,Ma-Ren",30,"Conectividad total, rendimiento superior y estilo ejecutivo.
El Kit TechMaster reúne tecnología de alto desempeño y diseño elegante en un set pensado para quienes lideran desde cualquier lugar. Ideal para profesionales digitales, creadores de contenido o ejecutivos en constante movimiento, este kit ofrece poder, comodidad y presencia.
Incluye:
Smartwatch STF Kronos Iron (2.1” AMOLED)
Audífonos Inalámbricos On-ear Billboard Soul ANC
Maletín Ejecutivo","""ChatGPT Image 8 may 2025, 05_37_25 p.m..png (https://v5.airtableusercontent.com/v3/u/42/42/1749852000000/JFOt2xoE3nKAm0QwaaSu_g/FgVxNtG59T2UL_moRjQVzkxEAVkGsaiRbLMNpGDvX-7AI5k0Na20-OyjSj96CGD8jJ-YlK5r-HGeCzpfSDxbxI8Ho9ZM7cL_vxUA8QAuVjGV604ZhDcQvKIWVU1NQfN4pwxvBzxBrTJn82cPcdd5fcQRdd8qcykoSU7QpXb1uEJmJdPgLpcX4gsakaAfu5um/v2r0DdRoq5IidaAL4iOXmM0DiobUnTXjVKc8zgk3kOw)"""
☕✒️ Kit Inspiración Diaria,"TE-20,lib-flm,EC-03,ACC 003",30,"El Kit Inspiración Diaria fue diseñado para acompañar rutinas exigentes con productos que elevan cada momento: desde el primer sorbo de café hasta la última nota escrita. Es ideal como regalo ejecutivo, de bienvenida o reconocimiento, transmitiendo atención al detalle y una experiencia premium desde el primer instante.
Incluye:
Vaso Rambler® 20 oz.
Libreta Ejecutiva 80 Hojas
Pluma LAMY®",image component recomendado-ocaciones-8-800x80057.png (https://v5.airtableusercontent.com/v3/u/42/42/1749852000000/kwEIaT0-40Vkig2NDti-YQ/Gzf1A12Jf9Fs4s0LSl0cjHS0uXxznjO2DOqI6YKYIgTCEDgQUip7BrL32--vBvc26j5EbR4-RpEtgeBFifP6TZbeeAUjcCyO9WSGOKLq4iEfBZtlK1SEWTlxJWciZxaL3lc7Ts_jIBFArwgeMmlfOwd_KCCoMXqNOeKnvQ4XO3Q-HaTBAG_3YoiJWKW4pJvvj-vo2TGBKJp5E_gXugIgSg/giXpQvrOU_AcrxkLeg3K9eBr8g-ySNHbKAVoMEvbkAA)
🔊☕ Kit Momentum,"TE-30,ST-S77286,LO-03 ,ACC 003",30,"El Kit Momentum fue creado para quienes viven al máximo, combinando diseño, tecnología y utilidad en un solo set. Ideal para colaboradores en movimiento, creativos, líderes o como un regalo corporativo memorable, este kit ofrece lo esencial para disfrutar, anotar y escuchar con estilo.
Incluye:
Vaso Rambler® 30 oz con tapa MagSlider™
Bocina Bluetooth Rogue Mini
Bolígrafo Metálico Premium",image component recomendado-ocaciones-8-800x80056.png (https://v5.airtableusercontent.com/v3/u/42/42/1749852000000/X5vb-hPGYyyFvhmZkDhZeg/rZ7NfjTgFgmxFcatrwSN-qDE3UfiIlAavj-CtKaY0Re3bVfc-_0OcprJqffG7kdsHl45MaFScl3tyjNT2FXD5TmUPaidUMz0FauQVw9THU1RRbi7vOmAbonHTTd3p6PMlThVQyXTWwro7TuwpBpjLKl7pqcPVA4eBoQCgO4g0PSLnykswysjnzeLy9sckMEdFLXjyxiNAVPWQAk4iEd2vA/J8CPeactvMRFdHvdcY38RGA_sU3CrHDr89iBSsEgkZw)
🧩 Esencial Pro,"STAN-1.1,BB-H36380,TX-145",30,"El kit Esencial Pro es una cuidada selección de artículos diseñados para ofrecer una experiencia completa desde el primer día. Ideal para programas de onboarding, reconocimientos o regalos corporativos premium, combina diseño moderno con practicidad para acompañar a cada persona en su día a día profesional.
Incluye:
Termo de Viaje 40oz
Audífonos Inalámbricos Billboard Unite
Backpack Ejecutiva con Puerto USB",image component recomendado-ocaciones-8-800x80058.png (https://v5.airtableusercontent.com/v3/u/42/42/1749852000000/JCcTwBE_rwx8A3BR-yibpQ/61ZWT21FOwSeGyRpNXZdptxxX971XONDHk6U_9kKyEZ8DtEuHqOso5A3YFrIX5Rhn3ldBEOTj3Sx0WQQtbYqLZ6hW0rZojt8MU7aG4PZwse4HUwYyOQDKLMvP41uehWy0H2p8UFC99j5AHdQypy0AF1qthc4x-TyHSWSKNJhGLFxagsxAiDxCVfBYjnvgOGBomjC4s_i4R7TVkUJS7_60A/LpOCrjXi2V9JOcplTlpGpRWSheYqmXFQGaQZoXbpQhg)